<?xml version="1.0"?>
<!DOCTYPE hibernate-mapping PUBLIC "-//Hibernate/Hibernate Mapping DTD 3.0//EN" "http://hibernate.sourceforge.net/hibernate-mapping-3.0.dtd">

<hibernate-mapping default-lazy="false" auto-import="false">
	<import class="com.lepuserprofile.model.UserProfile" />
	<class name="com.lepuserprofile.model.impl.UserProfileImpl" table="lep_UserProfile">
		<cache usage="read-write" />
		<id name="userProfileId" type="long">
			<generator class="assigned" />
		</id>
		<property name="uuid" type="com.liferay.portal.dao.orm.hibernate.StringType" column="uuid_" />
		<property name="resourcePrimKey" type="com.liferay.portal.dao.orm.hibernate.LongType" />
		<property name="firstName" type="com.liferay.portal.dao.orm.hibernate.StringType" />
		<property name="lastName" type="com.liferay.portal.dao.orm.hibernate.StringType" />
		<property name="jobTitle" type="com.liferay.portal.dao.orm.hibernate.StringType" />
		<property name="site" type="com.liferay.portal.dao.orm.hibernate.StringType" />
		<property name="bioData" type="com.liferay.portal.dao.orm.hibernate.StringType" />
		<property name="userProfileStatus" type="com.liferay.portal.dao.orm.hibernate.IntegerType" />
		<property name="statusByUserId" type="com.liferay.portal.dao.orm.hibernate.LongType" />
		<property name="statusDate" type="org.hibernate.type.TimestampType" />
		<property name="groupId" type="com.liferay.portal.dao.orm.hibernate.LongType" />
		<property name="userId" type="com.liferay.portal.dao.orm.hibernate.LongType" />
		<property name="userName" type="com.liferay.portal.dao.orm.hibernate.StringType" />
		<property name="companyId" type="com.liferay.portal.dao.orm.hibernate.LongType" />
		<property name="createDate" type="org.hibernate.type.TimestampType" />
		<property name="modifiedDate" type="org.hibernate.type.TimestampType" />
	</class>
</hibernate-mapping>