<?xml version="1.0"?>

<model-hints>
	<model name="com.lepuserprofile.model.UserProfile">
		<field name="uuid" type="String" />
		<field name="userProfileId" type="long" />
		<field name="resourcePrimKey" type="long" />
		<field name="firstName" type="String" />
		<field name="lastName" type="String" />
		<field name="jobTitle" type="String" />
		<field name="site" type="String" />
		<field name="bioData" type="String" />
		<field name="userProfileStatus" type="int" />
		<field name="statusByUserId" type="long" />
		<field name="statusDate" type="Date" />
		<field name="groupId" type="long" />
		<field name="userId" type="long" />
		<field name="userName" type="String" />
		<field name="companyId" type="long" />
		<field name="createDate" type="Date" />
		<field name="modifiedDate" type="Date" />
	</model>
</model-hints>