<?xml version="1.0"?>

<entity-mappings xmlns="http://java.sun.com/xml/ns/persistence/orm" xmlns:xsi="http://www.w3.org/2001/XMLSchema-instance" version="1.0" xsi:schemaLocation="http://java.sun.com/xml/ns/persistence/orm http://java.sun.com/xml/ns/persistence/orm_1_0.xsd">
	<persistence-unit-metadata>
		<xml-mapping-metadata-complete/>
		<persistence-unit-defaults>
			<access>PROPERTY</access>
		</persistence-unit-defaults>
	</persistence-unit-metadata>
	<mapped-superclass class="com.lepuserprofile.model.impl.UserProfileModelImpl">
		<attributes>
			<id name="userProfileId" />
			<basic name="uuid">
				<column name="UUID_" />
			</basic>
			<basic name="resourcePrimKey" />
			<basic name="firstName" />
			<basic name="lastName" />
			<basic name="jobTitle" />
			<basic name="site" />
			<basic name="bioData" />
			<basic name="userProfileStatus" />
			<basic name="statusByUserId" />
			<basic name="statusDate">
				<temporal>TIMESTAMP</temporal>
			</basic>
			<basic name="groupId" />
			<basic name="userId" />
			<basic name="userName" />
			<basic name="companyId" />
			<basic name="createDate">
				<temporal>TIMESTAMP</temporal>
			</basic>
			<basic name="modifiedDate">
				<temporal>TIMESTAMP</temporal>
			</basic>
			<transient name="modelAttributes" />
			<transient name="primaryKey" />
			<transient name="primaryKeyObj" />
			<transient name="statusByUserUuid" />
			<transient name="userUuid" />
		</attributes>
	</mapped-superclass>
	<entity class="com.lepuserprofile.model.impl.UserProfileImpl" name="UserProfile">
		<table name="lep_UserProfile" />
		<attributes />
	</entity>
</entity-mappings>