<?xml version="1.0"?>
<!DOCTYPE liferay-portlet-app PUBLIC "-//Liferay//DTD Portlet Application 6.2.0//EN" "http://www.liferay.com/dtd/liferay-portlet-app_6_2_0.dtd">

<liferay-portlet-app>
	
	<portlet>
		<portlet-name>detail-news</portlet-name>
		<icon>/icon.png</icon>
		<friendly-url-mapper-class>com.liferay.portal.kernel.portlet.DefaultFriendlyURLMapper</friendly-url-mapper-class>
		<friendly-url-mapping>news_content</friendly-url-mapping>
		<friendly-url-routes>com/newsmaker/portlet/detailnews/xml/detailnews-friendly-url-routes.xml</friendly-url-routes>
		<header-portlet-css>/css/main.css</header-portlet-css>
		<footer-portlet-javascript>
			/js/main.js
		</footer-portlet-javascript>
		<css-class-wrapper>detail-news-portlet</css-class-wrapper>
	</portlet>
	<portlet>
		<portlet-name>news</portlet-name>
		<icon>/icon.png</icon>
		<header-portlet-css>/css/main.css</header-portlet-css>
		<footer-portlet-javascript>
			/js/main.js
		</footer-portlet-javascript>
		<css-class-wrapper>news-portlet</css-class-wrapper>
	</portlet>
	<role-mapper>
		<role-name>administrator</role-name>
		<role-link>Administrator</role-link>
	</role-mapper>
	<role-mapper>
		<role-name>guest</role-name>
		<role-link>Guest</role-link>
	</role-mapper>
	<role-mapper>
		<role-name>power-user</role-name>
		<role-link>Power User</role-link>
	</role-mapper>
	<role-mapper>
		<role-name>user</role-name>
		<role-link>User</role-link>
	</role-mapper>
</liferay-portlet-app>