<?xml version="1.0"?>

<portlet-app xmlns="http://java.sun.com/xml/ns/portlet/portlet-app_2_0.xsd" xmlns:xsi="http://www.w3.org/2001/XMLSchema-instance" xsi:schemaLocation="http://java.sun.com/xml/ns/portlet/portlet-app_2_0.xsd http://java.sun.com/xml/ns/portlet/portlet-app_2_0.xsd" version="2.0">
	
	<portlet>
		<portlet-name>detail-news</portlet-name>
		<display-name>Detail News</display-name>
		<portlet-class>
			com.newsmaker.portlet.detailnews.controller.DetailNewsPortlet
		</portlet-class>
		<init-param>
			<name>view-template</name>
			<value>/html/detailnews/view.jsp</value>
		</init-param>
		
		<expiration-cache>0</expiration-cache>
		<supports>
			<mime-type>text/html</mime-type>
			<portlet-mode>view</portlet-mode>
		</supports>
		
		<portlet-info>
			<title>Detail News</title>
			<short-title>Detail News</short-title>
			<keywords></keywords>
		</portlet-info>
		<security-role-ref>
			<role-name>administrator</role-name>
		</security-role-ref>
		<security-role-ref>
			<role-name>guest</role-name>
		</security-role-ref>
		<security-role-ref>
			<role-name>power-user</role-name>
		</security-role-ref>
		<security-role-ref>
			<role-name>user</role-name>
		</security-role-ref>
	</portlet>
	<portlet>
		<portlet-name>news</portlet-name>
		<display-name>News</display-name>
		<portlet-class>
			com.newsmaker.portlet.news.controller.NewsPortlet
		</portlet-class>
		<init-param>
			<name>view-template</name>
			<value>/html/news/view.jsp</value>
		</init-param>
		<init-param>
			<name>edit-template</name>
			<value>/html/news/edit.jsp</value>
		</init-param>
		<expiration-cache>0</expiration-cache>
		<supports>
			<mime-type>text/html</mime-type>
			<portlet-mode>view</portlet-mode>
			<portlet-mode>edit</portlet-mode>
		</supports>
		<resource-bundle>content.Language</resource-bundle>
		<portlet-info>
			<title>News</title>
			<short-title>News</short-title>
			<keywords></keywords>
		</portlet-info>
		<security-role-ref>
			<role-name>administrator</role-name>
		</security-role-ref>
		<security-role-ref>
			<role-name>guest</role-name>
		</security-role-ref>
		<security-role-ref>
			<role-name>power-user</role-name>
		</security-role-ref>
		<security-role-ref>
			<role-name>user</role-name>
		</security-role-ref>
	</portlet>
</portlet-app>