<?xml version="1.0" encoding="UTF-8"?>
<!DOCTYPE service-builder PUBLIC "-//Liferay//DTD Service Builder 6.2.0//EN" "http://www.liferay.com/dtd/liferay-service-builder_6_2_0.dtd">
<service-builder package-path="com.lepuserprofile">
	<author>rajnikant.donga</author>
	<namespace>lep</namespace>

	<entity name="UserProfile" uuid="true" local-service="true" remote-service="false">

		<!-- PK fields -->

		<column name="userProfileId" type="long" primary="true" />

		<!-- Other fields -->

		<column name="resourcePrimKey" type="long" />
		<column name="firstName" type="String" />
		<column name="lastName" type="String" />
		<column name="jobTitle" type="String" />
		<column name="site" type="String" />
		<column name="bioData" type="String" />
		<column name="userProfileStatus" type="int" />
		<column name="statusByUserId" type="long" />
		<column name="statusDate" type="Date" />

		<!-- Audit fields -->

		<column name="groupId" type="long" />
		<column name="userId" type="long" />
		<column name="userName" type="String" />
		<column name="companyId" type="long" />
		<column name="createDate" type="Date" />
		<column name="modifiedDate" type="Date" />


		<order>
		    <order-column name="statusDate" order-by="desc" />
		</order>

		<!-- Finder methods -->
	
		<finder name="userProfile" return-type="Collection">
			<finder-column name="userId" />
			<finder-column name="userProfileStatus" />
		</finder>

		<finder name="userProfileId" return-type="UserProfile">
			<finder-column name="userId" />
		</finder>
		
		<reference package-path="com.liferay.portal" entity="User" />
		<reference package-path="com.liferay.portlet.asset" entity="AssetEntry" />
		<reference package-path="com.liferay.portal" entity="WorkflowDefinitionLink"></reference>
		<reference package-path="com.liferay.portal" entity="WorkflowInstanceLink"></reference>
	</entity>
</service-builder>